Year,Month_AR,Month_EN,Category_EN,Category_AR,Number of Issued Reports from BML
2017,يناير,January,Number of Issued Reports from BML,تقارير مختبر فحص مواد البناء  ," 3,995 "
2017,فبراير ,February,Number of Issued Reports from BML,تقارير مختبر فحص مواد البناء  ," 3,530 "
2017,مارس,March,Number of Issued Reports from BML,تقارير مختبر فحص مواد البناء  ," 3,701 "
2017,ابريل,April,Number of Issued Reports from BML,تقارير مختبر فحص مواد البناء  ," 3,796 "
2017,مايو ,May,Number of Issued Reports from BML,تقارير مختبر فحص مواد البناء  ," 4,129 "
2017,يونيو,June,Number of Issued Reports from BML,تقارير مختبر فحص مواد البناء  ," 2,960 "
2017,يوليو,July,Number of Issued Reports from BML,تقارير مختبر فحص مواد البناء  ," 3,390 "
2017,اغسطس,August,Number of Issued Reports from BML,تقارير مختبر فحص مواد البناء  ," 3,383 "
2017,سبتمبر,September,Number of Issued Reports from BML,تقارير مختبر فحص مواد البناء  ," 3,077 "
2017,اكتوبر,October,Number of Issued Reports from BML,تقارير مختبر فحص مواد البناء  ," 3,425 "
2017,نوفمبر,November,Number of Issued Reports from BML,تقارير مختبر فحص مواد البناء  ," 3,479 "
2017,ديسيمبر,December,Number of Issued Reports from BML,تقارير مختبر فحص مواد البناء  ," 3,427 "
2018,يناير,January,Number of Issued Reports from BML,تقارير مختبر فحص مواد البناء  ," 3,907 "
2018,فبراير ,February,Number of Issued Reports from BML,تقارير مختبر فحص مواد البناء  ," 3,419 "
2018,مارس,March,Number of Issued Reports from BML,تقارير مختبر فحص مواد البناء  ," 3,718 "
2018,ابريل,April,Number of Issued Reports from BML,تقارير مختبر فحص مواد البناء  ," 4,081 "
2018,مايو ,May,Number of Issued Reports from BML,تقارير مختبر فحص مواد البناء  ," 3,481 "
2018,يونيو,June,Number of Issued Reports from BML,تقارير مختبر فحص مواد البناء  ," 2,550 "
2018,يوليو,July,Number of Issued Reports from BML,تقارير مختبر فحص مواد البناء  ," 3,349 "
2018,اغسطس,August,Number of Issued Reports from BML,تقارير مختبر فحص مواد البناء  ," 2,789 "
2018,سبتمبر,September,Number of Issued Reports from BML,تقارير مختبر فحص مواد البناء  ," 2,703 "
2018,اكتوبر,October,Number of Issued Reports from BML,تقارير مختبر فحص مواد البناء  ," 3,063 "
2018,نوفمبر,November,Number of Issued Reports from BML,تقارير مختبر فحص مواد البناء  ," 2,921 "
2018,ديسيمبر,December,Number of Issued Reports from BML,تقارير مختبر فحص مواد البناء  ," 2,749 "
2019,يناير,January,Number of Issued Reports from BML,تقارير مختبر فحص مواد البناء  ," 2,941 "
2019,فبراير ,February,Number of Issued Reports from BML,تقارير مختبر فحص مواد البناء  ," 2,439 "
2019,مارس,March,Number of Issued Reports from BML,تقارير مختبر فحص مواد البناء  ," 2,489 "
2019,ابريل,April,Number of Issued Reports from BML,تقارير مختبر فحص مواد البناء  ," 2,364 "
2019,مايو ,May,Number of Issued Reports from BML,تقارير مختبر فحص مواد البناء  ," 2,379 "
2019,يونيو,June,Number of Issued Reports from BML,تقارير مختبر فحص مواد البناء  ," 1,735 "
2019,يوليو,July,Number of Issued Reports from BML,تقارير مختبر فحص مواد البناء  ," 2,201 "
2019,اغسطس,August,Number of Issued Reports from BML,تقارير مختبر فحص مواد البناء  ," 1,972 "
2019,سبتمبر,September,Number of Issued Reports from BML,تقارير مختبر فحص مواد البناء  ," 2,247 "
2019,اكتوبر,October,Number of Issued Reports from BML,تقارير مختبر فحص مواد البناء  ," 2,511 "
2019,نوفمبر,November,Number of Issued Reports from BML,تقارير مختبر فحص مواد البناء  ," 2,310 "
2019,ديسيمبر,December,Number of Issued Reports from BML,تقارير مختبر فحص مواد البناء  ," 2,296 "
2020,يناير,January,Number of Issued Reports from BML,تقارير مختبر فحص مواد البناء  ," 2,898 "
2020,فبراير ,February,Number of Issued Reports from BML,تقارير مختبر فحص مواد البناء  ," 3,470 "
2020,مارس,March,Number of Issued Reports from BML,تقارير مختبر فحص مواد البناء  ," 3,085 "
2020,ابريل,April,Number of Issued Reports from BML,تقارير مختبر فحص مواد البناء  ," 2,637 "
2020,مايو ,May,Number of Issued Reports from BML,تقارير مختبر فحص مواد البناء  ," 2,007 "
2020,يونيو,June,Number of Issued Reports from BML,تقارير مختبر فحص مواد البناء  ," 2,114 "
2020,يوليو,July,Number of Issued Reports from BML,تقارير مختبر فحص مواد البناء  ," 2,296 "
2020,اغسطس,August,Number of Issued Reports from BML,تقارير مختبر فحص مواد البناء  ," 2,397 "
2020,سبتمبر,September,Number of Issued Reports from BML,تقارير مختبر فحص مواد البناء  ," 2,670 "
2020,اكتوبر,October,Number of Issued Reports from BML,تقارير مختبر فحص مواد البناء  ," 3,134 "
2020,نوفمبر,November,Number of Issued Reports from BML,تقارير مختبر فحص مواد البناء  ," 3,855 "
2020,ديسيمبر,December,Number of Issued Reports from BML,تقارير مختبر فحص مواد البناء  ," 3,530 "
2021,يناير,January,Number of Issued Reports from BML,تقارير مختبر فحص مواد البناء  ," 3,967 "
2021,فبراير ,February,Number of Issued Reports from BML,تقارير مختبر فحص مواد البناء  ," 3,657 "
2021,مارس,March,Number of Issued Reports from BML,تقارير مختبر فحص مواد البناء  ," 4,491 "
2021,ابريل,April,Number of Issued Reports from BML,تقارير مختبر فحص مواد البناء  ," 3,947 "
2021,مايو ,May,Number of Issued Reports from BML,تقارير مختبر فحص مواد البناء  ," 3,797 "
2021,يونيو,June,Number of Issued Reports from BML,تقارير مختبر فحص مواد البناء  ," 4,146 "
2021,يوليو,July,Number of Issued Reports from BML,تقارير مختبر فحص مواد البناء  ," 3,580 "
2021,اغسطس,August,Number of Issued Reports from BML,تقارير مختبر فحص مواد البناء  ," 4,260 "
2021,سبتمبر,September,Number of Issued Reports from BML,تقارير مختبر فحص مواد البناء  ," 4,599 "
2021,اكتوبر,October,Number of Issued Reports from BML,تقارير مختبر فحص مواد البناء  ," 4,600 "
2021,نوفمبر,November,Number of Issued Reports from BML,تقارير مختبر فحص مواد البناء  ," 4,937 "
2021,ديسيمبر,December,Number of Issued Reports from BML,تقارير مختبر فحص مواد البناء  ," 4,877 "
2022,يناير,January,Number of Issued Reports from BML,تقارير مختبر فحص مواد البناء  ," 4,683 "
2022,فبراير ,February,Number of Issued Reports from BML,تقارير مختبر فحص مواد البناء  ," 4,698 "
2022,مارس,March,Number of Issued Reports from BML,تقارير مختبر فحص مواد البناء  ," 5,758 "
2022,ابريل,April,Number of Issued Reports from BML,تقارير مختبر فحص مواد البناء  ," 4,099 "
2022,مايو ,May,Number of Issued Reports from BML,تقارير مختبر فحص مواد البناء  ," 3,827 "
2022,يونيو,June,Number of Issued Reports from BML,تقارير مختبر فحص مواد البناء  ," 4,830 "
2022,يوليو,July,Number of Issued Reports from BML,تقارير مختبر فحص مواد البناء  ," 4,340 "
2022,اغسطس,August,Number of Issued Reports from BML,تقارير مختبر فحص مواد البناء  ," 5,112 "
2022,سبتمبر,September,Number of Issued Reports from BML,تقارير مختبر فحص مواد البناء  ," 5,531 "
2022,اكتوبر,October,Number of Issued Reports from BML,تقارير مختبر فحص مواد البناء  ," 5,752 "
2022,نوفمبر,November,Number of Issued Reports from BML,تقارير مختبر فحص مواد البناء  ," 6,241 "
2022,ديسيمبر,December,Number of Issued Reports from BML,تقارير مختبر فحص مواد البناء  ," 5,372 "
2023,يناير,January,Number of Issued Reports from BML,تقارير مختبر فحص مواد البناء  ," 5,332 "
2023,فبراير ,February,Number of Issued Reports from BML,تقارير مختبر فحص مواد البناء  ," 4,797 "
2023,مارس,March,Number of Issued Reports from BML,تقارير مختبر فحص مواد البناء  ," 5,694 "
2023,ابريل,April,Number of Issued Reports from BML,تقارير مختبر فحص مواد البناء  ," 4,174 "
2023,مايو ,May,Number of Issued Reports from BML,تقارير مختبر فحص مواد البناء  ," 5,321 "
2023,يونيو,June,Number of Issued Reports from BML,تقارير مختبر فحص مواد البناء  ," 4,946 "
2023,يوليو,July,Number of Issued Reports from BML,تقارير مختبر فحص مواد البناء  ," 5,640 "
2023,اغسطس,August,Number of Issued Reports from BML,تقارير مختبر فحص مواد البناء  ," 5,875 "
2023,سبتمبر,September,Number of Issued Reports from BML,تقارير مختبر فحص مواد البناء  ," 5,441 "
2023,اكتوبر,October,Number of Issued Reports from BML,تقارير مختبر فحص مواد البناء  ," 6,436 "
2023,نوفمبر,November,Number of Issued Reports from BML,تقارير مختبر فحص مواد البناء  ," 7,167 "
2023,ديسيمبر,December,Number of Issued Reports from BML,تقارير مختبر فحص مواد البناء  ," 6,466 "
2024,يناير,January,Number of Issued Reports from BML,تقارير مختبر فحص مواد البناء  ," 7,029 "
2024,فبراير ,February,Number of Issued Reports from BML,تقارير مختبر فحص مواد البناء  ," 6,376 "
2024,مارس,March,Number of Issued Reports from BML,تقارير مختبر فحص مواد البناء  ," 6,146 "
2024,ابريل,April,Number of Issued Reports from BML,تقارير مختبر فحص مواد البناء  ," 5,604 "
2024,مايو ,May,Number of Issued Reports from BML,تقارير مختبر فحص مواد البناء  ," 7,600 "
2024,يونيو,June,Number of Issued Reports from BML,تقارير مختبر فحص مواد البناء  ," 6,143 "
